{
  "id": "036",
  "status": "done",
  "val_score": 0.91695,
  "weights": {
    "022_lgbm_multi": 0.00023002994378857429,
    "024_xgb_multi": 0.36673666508838004,
    "025_cb_multi": 7.364765275874423e-05,
    "026_high_risk": 0.02965139189657741,
    "028_lgbm_reg": 0.2297703997451553,
    "029_smoothed": 2.3244007310374297e-05,
    "031_xgb_smooth": 0.2595152646120625,
    "032_lgbm_rs": 0.012894353913893234,
    "033_cb_opt": 0.10110500314007384
  }
}