{
  "id": "052",
  "status": "done",
  "val_score": 0.91694,
  "weights": {
    "022_lgbm_multi": 0.000544212731588525,
    "024_xgb_multi": 0.627809846183507,
    "025_cb_multi": 0.0493157345831087,
    "028_lgbm_reg": 0.0747068298117864,
    "037_lgbm_reg5": 0.24589479173930054,
    "038_xgb_reg5": 0.0013165358495732828,
    "039_cb_reg": 0.00035644549415563676,
    "042_mlp": 1.3580254535913053e-05,
    "049_lr": 4.2023352444149265e-05
  }
}