{
  "id": "015",
  "status": "done",
  "val_score": 0.91669,
  "best_params": {
    "max_depth": 6,
    "min_child_weight": 10,
    "subsample": 0.9314636609266265,
    "colsample_bytree": 0.5969552153338453,
    "reg_alpha": 2.861439822587874,
    "reg_lambda": 2.4069925550615343,
    "gamma": 0.6859686907878781
  },
  "notes": "Optuna 30 trials XGBoost"
}