{
  "id": "023",
  "status": "done",
  "val_score": 0.91686,
  "weights": {
    "007_xgb": 0.2,
    "012_cb": 0.1,
    "015_xgb_opt": 0.30000000000000004,
    "022_multi": 0.4
  }
}