{
  "id": "043",
  "status": "done",
  "val_score": 0.91695,
  "weights": {
    "024_xgb_multi": 0.40437774247114655,
    "028_lgbm_reg": 0.023651566029446493,
    "031_xgb_smooth": 0.25288238189509865,
    "032_lgbm_rs": 1.9833421094042534e-05,
    "037_lgbm_reg5": 0.2090466620509266,
    "038_xgb_reg5": 4.514494176201491e-07,
    "040_lgbm_reg10": 0.10802587777263688,
    "042_mlp": 0.001995484910233175
  }
}