{
  "id": "046",
  "status": "done",
  "val_score": 0.91694,
  "weights": {
    "024_xgb": 0.6170980967680076,
    "028_lgbm": 0.028260772859348207,
    "037_lgbm5": 0.3545742404715411,
    "038_xgb5": 2.2674890661917137e-05,
    "039_cb": 4.421501044111709e-05
  }
}