{
  "id": "027",
  "status": "done",
  "val_score": 0.91692,
  "weights": {
    "022_lgbm_multi": 0.0,
    "024_xgb_multi": 0.7000000000000001,
    "025_cb_multi": 0.1,
    "026_high_risk": 0.2
  }
}