{
  "id": "051",
  "status": "done",
  "val_score": 0.91693,
  "best_params": {
    "learning_rate": 0.12235125066485894,
    "max_depth": 5,
    "min_child_weight": 28,
    "subsample": 0.843491839232595,
    "colsample_bytree": 0.6011373324580682,
    "reg_alpha": 14.844143313376067,
    "reg_lambda": 0.11030451491602994,
    "gamma": 0.9041628336487826,
    "max_delta_step": 8,
    "grow_policy": "lossguide"
  }
}