{
  "id": "053",
  "status": "done",
  "val_score": 0.91694,
  "weights": {
    "024_xgb": 0.6000000000000001,
    "028_lgbm": 0.0,
    "037_lgbm5": 0.4,
    "039_cb": 0.0
  }
}